term,occurence
master,143
agreement,153
gas,149
amendment,114
contract,116
energy,98
log,67
synchronization,67
update,76
company,77
lunch,42
new,70
firm,47
marketing,44
draft,26
meeting,31
sample,24
sale,38
report,35
upstream,23
status,19
outage,32
fare,27
county,34
watcher,25
letter,26
revision,18
acre,28
crane,28
name,23
power,25
weekend,24
trading,22
maxwell,20
north,24
duke,14
prime,13
mark,16
museum,18
deal,17
credit,16
special,14
guaranty,13
notice,16
oil,14
information,18
corp,19
today,15
select,12
city,12
purchase,14
confirmation,11
weather,8
netting,10
legal,14
assignment,9
bid,10
migration,14
supply,9
district,13
real,8
reminder,14
outlook,12
test,7
confirm,8
change,12
number,8
aspect,8
reimbursement,10
important,12
natural,10
birthday,11
office,8
flooding,6
ya,6
watch,8
resale,8
holiday,9
procedure,15
electric,8
security,8
fuel,9
petroleum,8
global,13
action,7
compromise,6
staff,12
guarantee,6
central,7
hi,5
relationship,5
aes,6
announce,12
net,12
strategic,12
work,12
please,11
supplemental,8
base,7
holly,8
